,BitStamp,Kraken,Itbit,HitBTC,BitFinex
2014-04-15,521,535.11,515,508.48,505
2014-04-16,530,523.53,522.25,517.51,538
2014-04-17,500.09,503.85,500.71,486.06,508
2014-04-18,483.11,485.37,490.54,469.65,482.75
2014-04-19,503.8,504.49,505,491.57,507.4999
2014-04-20,500,504.73,512.45,489.5,501.44
2014-04-21,496.74,496.42,497,484.28,497
2014-04-22,490,489.72,488,475.86,491.2
2014-04-23,492,495.62,490.21,477.52,490.03
2014-04-24,502.2,503.48,497.5,493.4,497.98
2014-04-25,466.52,471.43,460,459.7,463.79
2014-04-26,459,463.7,459,453.05,457.6
2014-04-27,430,435,441.45,428.47,445
2014-04-28,442.9,444.09,448,437.88,445.4
2014-04-29,448,445.68,434,443.61,445.54
2014-04-30,448.85,448.34,448.27,446.73,449.37
2014-05-01,460.97,459.32,459,456.22,460.1
2014-05-02,454.5,455.16,453.5,445.38,449.85
2014-05-03,439,441.04,440.54,432.68,441.3
2014-05-04,438.04,442,430.87,431.12,436.4
2014-05-05,433,429.18,427.01,425.1,430.75
2014-05-06,428.01,431.87,430,422,430.8999
2014-05-07,440,441.89,438,436.89,446
2014-05-08,437.69,448.26,442.8,444.09,442
2014-05-10,455.39,454.99,451.1,460.42,455
2014-05-11,440,441.5,432,442.7,436.85
2014-05-12,442.5,440.82,440,445.3,439.41
2014-05-13,439.12,440.78,437.25,443.57,437.82
2014-05-14,446,445.52,444,449.39,447
2014-05-15,446,449.59,441.99,450.61,446.97
2014-05-16,447.31,453.83,442.28,451.52,448.5
2014-05-17,449.06,453.83,441.97,457.08,448.4
2014-05-18,446.91,445.56,438.75,454.17,447.2
2014-05-19,448.34,445.56,438.97,446.78,447
2014-05-20,489,493.43,475.95,491.7,488.44
2014-05-21,493.98,494.77,477.65,496.01,494
2014-05-22,529.99,530,502.3,530.49,527
2014-05-23,523.77,521.47,509.55,526.18,528
2014-05-24,528.44,530,502.3,531.54,526.9
2014-05-26,581.88,583.2,575,581.04,584.2
2014-05-27,572.7,575.54,570,566.35,577.2
2014-05-28,580.66,575.83,577.01,572.97,573.32
2014-05-29,572.37,570.49,572.99,564.71,572.48
2014-05-30,621,616.08,629,612.97,625.11
2014-05-31,627.8,629.04,635.6,620.29,625
2014-06-01,630.99,628.97,646.5,622.17,646
2014-06-03,670.14,671.43,682.88,676.74,664.95
2014-06-04,640.59,650.48,652.29,647.7,645
2014-06-05,661.48,657.01,663.25,666.86,662.7
2014-06-06,647.16,653.4,655,655.83,652.5
2014-06-07,657.13,659.8,663,662.59,656.7
2014-06-08,658,656.44,662.35,664.03,657.84
2014-06-09,648.83,643.44,653.73,653.74,650.49
2014-06-10,648.55,646.89,653.64,642.13,657.14
2014-06-11,620.5,617.99,637.1,622.59,637.8
2014-06-12,569.1,571.14,590.01,576.44,591.26
2014-06-13,592,589.68,582.59,591.19,604.53
2014-06-14,566.58,565.18,554.37,569.41,564.79
2014-06-15,588.55,595.38,571,591.72,570.08
2014-06-16,586.91,597.14,580,590.32,599.61
2014-06-17,606.48,608.97,614.25,606.6,613.3
2014-06-18,607,605.89,611.5,609.18,606.4
2014-06-19,593.4,595.93,602,598.66,597.39
2014-06-20,588.02,593.9,601,589.4,592.4
2014-06-21,591.29,590.59,601.61,594.11,596
2014-06-22,600.34,596.24,607.8,599.81,602.73
2014-06-23,588.22,584.42,599.25,588.84,588
2014-06-24,572.62,586.15,587.28,574.22,586.6
2014-06-25,560.4,564.43,568.07,560.77,564.69
2014-06-26,579.99,575.93,577.9,574.5,574
2014-06-27,599.99,597.69,606.18,594.26,583.99
2014-06-28,589.56,590.21,600.1,585.63,600.78
2014-06-29,599.89,589.76,603.65,593.79,597.9
2014-06-30,641.11,637,640.01,634.27,638.96
2014-07-01,638.25,640,650.77,633.4,649
2014-07-02,650.5,646.58,647.9,650.23,651.98
2014-07-03,645.99,647.52,643.62,647.24,640.94
2014-07-04,629,635.25,632.24,626.01,630.1
2014-07-05,630,628.99,630,630.5,630.9
2014-07-06,630.57,629.1,633.25,632.44,636
2014-07-07,622.09,625.99,624,624.12,623.48
2014-07-08,623.98,617.04,618.5,626.51,625.1
2014-07-09,621.97,627.9,620.24,623.27,626
2014-07-10,616.87,614.47,610,617.75,617.01
2014-07-11,635,629.46,625.5,635.45,633.7
2014-07-12,638.1,639.38,626,639.45,634
2014-07-13,630.88,626.5,624,631.61,629.9
2014-07-14,621.17,626.23,622.4,620.62,619.98
2014-07-15,622.9,620.03,620.87,623.79,619.95
2014-07-16,616.86,625.22,621.04,615.04,616.12
2014-07-17,622.2,624.98,627.6,624.46,622.97
2014-07-18,632.6,626,627.46,632.47,628
2014-07-19,628.63,630,625.25,631.03,628.01
2014-07-20,627,619,618.91,627.39,623.17
2014-07-21,622.73,629.77,619.79,622.95,618.39
2014-07-22,618.26,618.69,612.59,621.18,620.3
2014-07-23,621,618.62,617.21,621.58,618.9
2014-07-24,601.66,605.64,600.31,605.03,601
2014-07-25,602.93,596.08,598,603,600
2014-07-26,596.23,600,594,597.08,593.13
2014-07-27,590.3,600,590.5,593.86,594.69
2014-07-28,586.53,591.9,586.38,590.3,586.54
2014-07-29,585.95,583.21,575,584.88,584.35
2014-07-30,563.84,566.75,551,562.73,563.64
2014-07-31,582.04,590.17,579.04,583.55,584.02
2014-08-02,589.59,590.49,587.75,589.22,594.89
2014-08-05,581.76,579,574.95,581.37,582.85
2014-08-07,585.84,580.58,582.25,585.54,587.58
2014-08-08,588.02,590,586.41,588.85,591.87
2014-08-09,587.97,590,583.3,589.04,588.03
2014-08-10,590.96,583.24,580,590.38,586.8
2014-08-11,573.98,572.77,572.5,573.83,572.15
2014-08-12,566.69,580,566,568.59,566.51
2014-08-13,548.81,535.08,549,549.73,544.07
2014-08-14,507.99,523.76,510,505.86,503
2014-08-15,500.25,530,506.23,501.66,493.6
2014-08-16,521.97,503.52,527.17,524.1,516.99
2014-08-17,496.86,500,501.32,500.49,490
2014-08-18,475.22,455,478.2,477.65,456.61
2014-08-19,491.98,474.02,490.3,493.82,478.2
2014-08-20,516.39,530,516.98,523.96,510.5
2014-08-21,519.28,505,515.87,525.09,523.28
2014-08-22,514.65,529.95,515.57,522.43,517.06
2014-08-23,497,525,500.15,500.86,498.7
2014-08-24,507.85,524.88,507.3,513.41,513.35
2014-08-25,503.82,516.12,502.5,506.22,500.68
2014-08-26,512.18,516.12,508.43,518.44,506.5
2014-08-27,511.87,524.85,510.99,516.09,511.15
2014-08-28,506,495.08,507.75,508.22,505.23
2014-08-29,509.3,524.88,507.52,509.2,507.3
2014-08-30,500.85,524.27,499,501.71,498.55
2014-08-31,479.04,509.98,483.37,478.31,480.49
2014-09-01,474.54,490.01,485.83,475.54,479
2014-09-02,474.5,524.77,476.79,475.06,476.73
2014-09-03,474.89,524.77,474.04,475.59,476.29
2014-09-04,487.43,475.01,489.2,492.22,491.41
2014-09-05,477.65,475.01,477.59,480.03,480.53
2014-09-06,479.78,524.77,481.32,481.76,484.49
2014-09-07,475.43,480,479.73,478.71,482.12
2014-09-08,468.33,488.77,470.43,473.14,470.5
2014-09-10,476.57,475,477.33,479.87,476.49
2014-09-11,475.9,475,477.09,480.57,476.76
2014-09-12,474.62,475,471.81,477.24,473.39
2014-09-13,477.98,474.77,478.1,479.6,478.46
2014-09-14,475.49,490,476.49,478.58,478.33
2014-09-15,469.47,465.01,469.9,470.9,476.43
2014-09-16,462.02,465,465.13,462.67,464.51
2014-09-17,452.09,445,456.77,455.85,453
2014-09-18,425,503.18,427.18,428.92,423.79
2014-09-19,395.86,375.94,395.27,397.51,396.78
2014-09-20,408.76,385,411.59,413.8,407.65
2014-09-21,399.55,385.01,400.69,403.02,396.97
2014-09-22,400.07,404.83,397.67,400.5,405.57
2014-09-23,438.97,420.01,429.13,446.16,437
2014-09-24,423.68,433.15,420.41,422.95,425.9
2014-09-25,408.76,397,409.09,409.76,413.63
2014-09-26,403.57,397,402.97,404.68,406.87
2014-09-27,401.77,397,397.25,400.18,399.99
2014-09-29,374.2,370.94,369.6,371.97,374.2
2014-09-30,391.09,380.02,387.14,387.3,390
2014-10-01,384.86,390,383,380.39,384.2
2014-10-02,374.68,370.11,371.74,372.32,372.82
2014-10-03,358.74,355,357.69,357.26,358.67
2014-10-04,326.21,322.11,328.66,328.54,334.69
2014-10-05,323.52,330,322.45,326.69,306.48
2014-10-06,328.59,349.85,323.84,330.77,336
2014-10-07,334.8,341.71,330.97,337.28,329.93
2014-10-08,355.73,370,350.04,358.61,353.99
2014-10-09,364.01,370.19,363.45,367.61,360
2014-10-10,360.89,355.59,359.51,363.64,357.78
2014-10-11,362,357.18,361.27,365.25,361.61
2014-10-12,378.11,379.97,372.03,381.4,376
2014-10-13,392.6,400,383.35,391.29,397.51
2014-10-14,403.38,411.26,397.94,398.24,403.53
2014-10-15,394.52,400.31,393.46,391.66,393.25
2014-10-16,383.95,389.14,379.29,383.25,379.03
2014-10-18,390.58,395.79,390,391.89,390
2014-10-19,387.53,395.79,386.25,390.13,388.41
2014-10-20,381.21,391.24,380.98,384.06,382.61
2014-10-21,385.81,391.58,382.84,389.98,385.29
2014-10-22,382.04,388.71,379.96,386.05,381.93
2014-10-23,357.18,368.64,355.98,362.47,359
2014-10-24,358.86,373.35,356.15,360.85,355.6
2014-10-25,348.69,359.51,347.41,348.08,347.86
2014-10-26,355.18,362.5,349.99,353.56,353
2014-10-27,350,364.3,350.65,351.25,351.25
2014-10-28,356.96,365.13,353.1,356.11,352.53
2014-10-29,335.7,335.07,333.2,334.42,333.72
2014-10-30,346.14,346.02,343.85,342.32,346.02
2014-10-31,337.99,347.95,337,334.82,339.62
2014-11-01,324.7,320,327.18,323.36,324.53
2014-11-02,324.36,323.94,322.5,323.41,324.38
2014-11-03,325.5,325,323.56,324.79,324
2014-11-04,330.22,325,326.9,328.65,328.2
2014-11-05,338.38,328.2,337.55,338.69,339.7
2014-11-06,349.99,348,348.5,347.66,347.8
2014-11-07,342.16,347.08,341.5,341.18,341.25
2014-11-08,345.39,350,344.99,343.91,345.36
2014-11-09,364.77,350,360,363.93,359.81
2014-11-10,366.43,355,367.97,360.01,367.29
2014-11-11,370.65,371.7,367,364.73,366.25
2014-11-12,426.63,423.48,417.87,423.1,420.05
2014-11-13,420.93,415,419.42,419,419.25
2014-11-14,399.98,395,399.07,397.63,398.3
2014-11-15,376.99,379.99,376.51,374.29,378
2014-11-16,389.86,380,388.21,384.22,391
2014-11-17,387.69,400,387.56,387.98,387.99
2014-11-18,374.88,375.02,370,374.84,375
2014-11-19,379.03,390,379.16,377.12,375
2014-11-20,356.47,354.38,355.88,358.82,356.5
2014-11-22,353.12,370,346.35,357.09,352.1
2014-11-23,367.17,370,360.57,367.09,366.31
2014-11-24,375.99,372,373.15,378.14,382.1
2014-11-25,377.37,376,375.82,376.98,377.86
2014-11-26,368.5,372.87,367.87,370.94,366.95
2014-11-27,369.98,376.9,369.57,369.75,369.01
2014-11-28,376.86,387,375.57,376.51,378
2014-11-29,375.49,379.09,374.49,377.22,377.77
2014-11-30,377.01,386.32,376.72,379.81,378.45
2014-12-01,376.53,374.03,377.6,380.46,382.7
2014-12-02,379.52,375.1,382.01,380.1,384.54
2014-12-03,375.33,380,375.74,374,376.61
2014-12-04,369.16,379.75,370.26,372.15,370.57
2014-12-05,376,375.19,378.39,375.16,378.61
2014-12-06,374.38,374,372.77,375.38,376.26
2014-12-07,377.26,373.07,374.43,373.93,376.95
2014-12-08,361.3,376,363.31,364.78,365.5
2014-12-09,352.03,345.49,353.85,353.48,351.38
2014-12-10,345.21,345.56,346.92,349.89,347.65
2014-12-11,348.9,372.12,350.04,350.32,348.58
2014-12-12,352.24,360,352.84,357.86,352.67
2014-12-13,351.67,352,350.88,351.09,347.79
2014-12-14,356.52,350,352.67,356.75,353.06
2014-12-15,349,342.04,347.19,351.22,346.85
2014-12-16,329.05,330.09,330.61,330.91,329.04
2014-12-17,322,329.99,318.19,328.82,318.83
2014-12-18,312.67,311.01,308.26,314.45,311.06
2014-12-19,318.33,349.98,315.74,320.35,318.79
2014-12-20,331.79,331,329.07,330.31,329.41
2014-12-21,320.01,325.01,317.21,325.08,322.16
2014-12-22,331.56,327.06,329.02,331.4,330.78
2014-12-23,336.92,338.75,332.91,336.37,335.8
2014-12-24,323.06,320.38,322.79,329.13,323
2014-12-25,319.86,320.38,319,322.5,317.63
2014-12-26,328.27,320.48,328.49,329.68,330.52
2014-12-27,316.47,319,315.91,319.34,315.86
2014-12-28,317.64,313.01,317.53,323.47,316.6
2014-12-29,313.01,314.76,311.92,316.81,314.28
2014-12-30,311.07,313,308.79,316.04,310.5
2014-12-31,321,319.14,317,327.31,319.85
2015-01-01,313.81,325,313.85,320.49,315.03
2015-01-02,315.42,315.3,315.11,319.44,315.2
2015-01-03,282,281.51,281.99,285.53,287.8
2015-01-04,264,265.87,258.78,270.2,260.62
2015-01-05,276.8,274.47,273.2,282.87,279.5
2015-01-06,276.8,281.15,285.39,292.08,287.61
2015-01-08,276.8,283.53,285.64,287.44,284.16
2015-01-09,293.97,299.99,292.83,296.34,290.01
2015-01-10,275.59,277.78,275.04,283.84,278.45
2015-01-11,266.39,265,266.19,275.01,268.41
2015-01-12,267.42,265.06,267.62,275.01,269.08
2015-01-13,227,216,229.84,233.73,222.53
2015-01-14,171.41,175,183.16,186.76,178
2015-01-15,210.98,219,217.72,232.46,209.51
2015-01-16,208.03,213.36,206.68,218.19,208.97
2015-01-17,199.69,200,201.23,212.51,199.85
2015-01-18,211.85,219.98,209.85,219,211.45
2015-01-19,216.34,211.01,213.21,225.23,218
2015-01-20,210.65,219.82,210.85,220.5,212.5
2015-01-21,227.16,224.49,224.68,235.71,225.97
2015-01-22,234.08,228.03,232.4,238.99,232.5
2015-01-23,233.64,228.04,238,238.36,231.4
2015-01-24,249.19,248.32,251,254.58,247.98
2015-01-25,255.31,257.06,261.59,261.92,253.9
2015-01-26,274.8,270,273.41,286.44,274.11
2015-01-27,263.98,250.85,265.7,274.05,264.47
2015-01-28,236.07,248,239.57,254.12,236.22
2015-01-29,235.79,231.83,232.83,242.12,231.48
2015-01-30,228.98,220,226.83,238.72,228.68
2015-01-31,216.9,216.69,217.41,233.24,221.5
2015-02-01,226.93,239.98,226.16,235.37,227.43
2015-02-02,238.47,228,237.69,246.3,240.86
2015-02-03,227.99,235.45,228.2,238.63,229.7
2015-02-04,227,228.9,225.21,233.49,226.39
2015-02-05,216.81,217,218.06,225.77,217.2
2015-02-06,223.37,221.92,222.05,230.22,223.4
2015-02-07,228.3,229.66,226.98,232.19,229.02
2015-02-08,223.88,229.23,221.95,229.59,224.39
2015-02-09,220.9,221.2,220.2,227.15,219.88
2015-02-10,220.42,215.01,220.54,225.1,221.46
2015-02-11,219.55,207.2,219.65,223.68,219.16
2015-02-12,223,224,222.35,227.95,223.01
2015-02-13,237,232.8,234.42,241.32,236.5
2015-02-14,256.99,250,257.23,265.91,258.9
2015-02-15,235.63,235.27,232,240.56,234
2015-02-16,234.7,250.66,234.04,241.29,236.88
2015-02-17,244.7,249.98,243.05,248.63,242.31
2015-02-18,237.37,236,235.3,245.69,234.82
2015-02-19,240.59,240.1,242.15,247.84,241.32
2015-02-20,245.48,240.09,244.19,247.71,245.31
2015-02-21,245.41,240.12,245.98,250.99,245.3
2015-02-22,236.5,235,236.67,250.99,236.69
2015-02-23,239.65,236.12,239.11,255.84,238.72
2015-02-24,239.55,238,239.3,254.99,239.79
2015-02-25,237.97,237.02,237.6,252.18,237.88
2015-02-26,236.84,239.64,236.66,247,237.03
2015-02-27,252.78,247.05,253.91,262.99,257.75
2015-02-28,253.47,250.11,253.57,262.99,255.89
2015-03-01,258.34,249.89,260.83,269.99,261.65
2015-03-02,274.93,271.37,274.38,286.31,274.53
2015-03-03,281,276.45,281.63,294.58,282.86
2015-03-04,270.78,274.79,280,286.22,272.99
2015-03-05,273.09,272.2,275.9,276.62,277.1
2015-03-06,272.68,260,273.49,286.93,274
2015-03-07,276.71,269.93,274.16,289.1,276.33
2015-03-08,275,270.08,274.25,286.55,274.55
2015-03-09,287.12,297,290.06,290.2,290.87
2015-03-10,290,291,290.03,310.08,294.76
2015-03-11,296.54,295.7,296.39,310.39,296.62
2015-03-12,295.31,290.28,293.78,308.1,295.81
2015-03-13,283.25,286.99,283.1,304.05,287.91
2015-03-14,282.01,282.33,281.99,305.06,283.8
2015-03-15,286.75,288,285.77,309.36,287.12
2015-03-16,289.27,294.44,291.06,310.46,291.19
2015-03-17,282.8,288.2,284.92,304.77,284.12
2015-03-18,256.45,257.48,258.39,277.42,255.99
2015-03-19,261.81,255,264.03,289.12,261.93
2015-03-20,261.96,272.49,262.4,283.46,262.52
2015-03-21,260,259.68,260.25,287.85,260.74
2015-03-22,267.74,271.34,267.67,293.59,269
2015-03-23,265.94,266.58,266.41,290.83,267.59
2015-03-24,245,247,245.48,278.9,249.06
2015-03-25,246.94,250.98,244.49,274.25,246.25
2015-03-26,249.23,251.9,249.31,270.89,249.18
2015-03-27,247.94,252,247.5,271.18,248.08
2015-03-28,252.87,252.5,251.9,270.5,253.45
2015-03-29,242,243.59,241.96,260.99,243
2015-03-30,247.95,269,246.4,265.98,247.66
2015-03-31,244.24,244.42,244.13,261.73,246.72
2015-04-01,246.69,242.98,247.47,265.2,246.32
2015-04-02,253.28,253,250.5,269.31,252.24
2015-04-03,254.19,252.9,254.04,271.88,253.6
2015-04-04,253.7,249.56,253.87,269.49,253.44
2015-04-05,260.54,259.99,259.63,274.33,257.79
2015-04-06,255.58,254.42,254.62,272.66,256.35
2015-04-07,253.72,248.85,253.4,267.1,255.46
2015-04-08,244.58,249.46,245.73,276.85,246.15
2015-04-09,243.43,249.27,242.45,269.18,242.94
2015-04-10,235.99,242.49,235,266.34,234.21
2015-04-11,236.15,232.58,236.33,266.73,235.59
2015-04-12,236.5,240,236.25,262.04,236
2015-04-13,223.15,227.94,226.15,250.75,222.44
2015-04-14,215.8,221.98,220.52,233.29,218.14
2015-04-15,222.88,220.11,222.93,239.83,221.45
2015-04-16,227.5,233.6,227.75,244.63,230
2015-04-17,222.6,223.01,223.95,242.85,222.49
2015-04-18,223.4,222.02,223.54,244.28,223.26
2015-04-19,222.54,226.79,223.55,247.99,222.8
2015-04-20,224.3,224.39,224.62,251.32,223.55
2015-04-21,235.74,234.55,235.44,251.92,233.49
2015-04-22,233.45,233.27,233.85,258.18,233.29
2015-04-23,235.98,235.21,236.2,257.79,234.5
2015-04-24,230.24,230.96,230.77,260.05,230.7
2015-04-25,226.12,227.49,226.89,258.03,226.98
2015-04-26,219.52,220.15,220.34,253.28,219.5
2015-04-27,227.23,228.26,226.74,259.39,230.51
2015-04-28,225.16,229.95,226,256.16,224.99
2015-04-29,225.48,226,225.35,259.74,226.1
2015-04-30,236.2,237.31,236,273.26,236.01
2015-05-01,231,231.26,232.61,268.22,234.17
2015-05-02,233.83,234.15,235.55,270.51,235.66
2015-05-03,239,240.36,240.35,276.16,240.13
2015-05-04,238.34,236.92,238.04,272.08,238.93
2015-05-05,235.12,235.59,235.74,271.19,235.56
2015-05-06,228.49,227.36,229.13,268.8,230.73
2015-05-07,236.87,236.57,235.76,273.79,238.28
2015-05-08,243.2,240.51,243.8,275.65,245.48
2015-05-09,241.96,241.74,242,273.45,243.08
2015-05-10,239.13,239.24,239.79,272.16,240.87
2015-05-11,241.3,241.86,241.3,276.87,243.19
2015-05-12,241.03,241.22,240.46,279.51,242.1
2015-05-13,235.97,235.09,237.01,273.22,235.47
2015-05-14,237.13,236.47,236.47,274.05,236.6
2015-05-15,237.37,238.98,237.23,277.14,237.02
2015-05-16,235.66,237.35,235.56,272.57,236.06
2015-05-17,235.97,235.86,235.77,273.13,235.96
2015-05-18,232.87,233.33,231.62,272.28,232.17
2015-05-19,231.4,232.78,231.01,272,232.42
2015-05-20,234.43,234.8,233.55,272.78,233.73
2015-05-21,235,236.09,234.75,275.65,235.21
2015-05-23,237.76,237.39,237.34,269.8,239.11
2015-05-24,239.22,239.77,239.48,269.98,241.47
2015-05-25,235.59,236.19,235.26,267.81,237.15
2015-05-26,235.71,236.02,236.18,265.01,237.86
2015-05-27,235.17,235.3,236.35,263.9,236.22
2015-05-28,236.46,235.83,236.05,269.35,236.8
2015-05-29,236.03,234.91,235.59,267.8,236.6
2015-05-30,232.11,232.81,231.79,264.89,231.52
2015-05-31,228.91,227.59,228.36,269.16,229.4
2015-06-01,223.51,227.47,221,264.98,220.43
2015-06-02,225.18,229.5,224.35,269.99,224.78
2015-06-03,224.27,227,225,272.3,225.6
2015-06-04,222.99,223.15,222.87,268.78,223.99
2015-06-05,224.4,225,223.94,266.99,225.22
2015-06-06,224.99,223.7,224.47,262.99,224.73
2015-06-07,222.7,224.35,222.32,263.23,223.32
2015-06-08,228.17,229.03,227.96,268.94,228.49
2015-06-09,228.7,230.92,229.42,267.67,229.92
2015-06-10,227.8,227.26,228.48,268.36,228.85
2015-06-11,229.03,228.92,228.86,266.92,229.48
2015-06-12,229.4,229.44,229.44,267.95,229.6
2015-06-13,231.64,231.04,232,268.56,233.03
2015-06-14,232.09,232.15,232.45,267.16,233.09
2015-06-15,235.92,235.54,236.1,271.99,236.82
2015-06-16,250.09,249.71,250.79,273.98,248.09
2015-06-17,247.76,245.03,248.57,279.98,247.99
2015-06-18,248.4,247.5,249.08,274.49,249.57
2015-06-19,243.7,245.5,244.49,277.53,246.84
2015-06-20,244.76,243.85,245.06,272.94,244.68
2015-06-21,243.64,241,243.27,265.81,244.13
2015-06-22,246,248.08,246.5,268.98,247.42
2015-06-23,243.74,243.72,243.74,265.81,244.81
2015-06-24,240.19,241.67,239.65,267.02,240.8
2015-06-25,241.98,242.04,241.32,269.25,241.49
2015-06-26,242.98,242,242.51,270.96,242.74
2015-06-27,251.21,251.93,250.33,273.86,251.7
2015-06-28,248.62,248.5,247.81,273.28,248.96
2015-06-29,256.04,268.47,256.54,297.65,255.17
2015-06-30,262.5,263.18,262.55,296.01,263.81
2015-07-01,257.62,258.1,257.83,295.51,259.42
2015-07-02,254.54,254.74,254.7,297.55,254.44
2015-07-03,255.92,255.47,255.5,291.01,255.38
2015-07-04,260.2,262,260.51,293.32,261.49
2015-07-05,271.5,271.14,269,291.71,270.75
2015-07-06,268.51,274.59,268.83,288.09,273.94
2015-07-07,265.51,265.36,265.57,314.99,265.85
2015-07-08,270.63,270.04,269.96,304.97,267.14
2015-07-09,268.92,272,269.6,284.65,270.31
2015-07-10,285.23,284.54,284.83,301.76,286.36
2015-07-11,291.64,293.6,291,311.61,294.27
2015-07-12,310.55,310.76,309.21,326.76,307.89
2015-07-13,292.68,290.18,290.87,341.69,293.3
2015-07-14,287.55,288.71,287.92,308,290.1
2015-07-15,285.67,285.84,287.03,335.3,290.93
2015-07-16,277.89,276.86,278.38,323.43,280.95
2015-07-17,279.43,280.38,278.44,304.89,279.54
2015-07-18,276.79,278.01,275.19,314.98,277.21
2015-07-19,275.47,275.54,273.58,304.96,275.01
2015-07-20,278.96,277.56,278.99,293,278.22
2015-07-21,276.76,277.48,275.29,294.42,279.37
2015-07-22,277.68,276.98,276.67,292.49,276.44
2015-07-23,276.61,276.89,276.21,290.63,275.95
2015-07-24,289.01,289.26,288.31,301.24,289.38
2015-07-25,288.78,288.92,287.87,302.51,288.03
2015-07-26,293.19,291.28,291.44,306.5,292.65
2015-07-27,294.29,296.1,293.38,307.27,297.34
2015-07-28,294.01,293.56,295.28,306.82,295.15
2015-07-29,289.85,291.61,290.17,302.81,291.28
2015-07-30,288.01,288,288.25,302.03,287.38
2015-07-31,284.33,293.48,284.52,297.53,284.69
2015-08-01,280.19,283.27,280.18,314.99,279.49
2015-08-02,282.32,283.84,281.71,325,282.3
2015-08-03,280.43,283.87,281.23,319.96,284.15
2015-08-04,285,287.68,285.12,312.88,285.92
2015-08-05,281.13,281,281.65,302.41,283.15
2015-08-06,277.48,278.67,278.54,296.68,279.2
2015-08-07,279.63,280.86,279.61,298.59,279.26
2015-08-08,262.19,264.2,261.55,280.07,266.69
2015-08-09,265.05,269.77,266,279.89,265.37
2015-08-10,264.33,266.85,264.75,278.93,264.79
2015-08-11,271.15,270,271.02,285.32,269.62
2015-08-12,267.73,267.03,267.3,281.44,269.83
2015-08-13,264.48,265.2,264.11,280.55,265.09
2015-08-14,265.4,268,265.46,280.29,267.44
2015-08-15,261.46,265.22,261.45,275.49,263.22
2015-08-16,256.11,260.42,257.85,271.22,261
2015-08-17,256.47,258.64,257.25,270.65,258.27
2015-08-18,224.8,223,210,248.06,252.95
2015-08-19,226.92,230.08,226.46,235.22,224.43
2015-08-20,235.54,236.87,235.5,242.06,236.11
2015-08-21,233.49,234.28,232.95,237.67,232.25
2015-08-22,231,231.99,230.61,237.05,230.4
2015-08-23,228.89,228.13,229.08,234.54,227.58
2015-08-24,209.72,212.7,210.56,216.58,210.28
2015-08-25,222.38,224.49,222.28,229.68,222.2
2015-08-26,225.8,226.38,226.06,233.67,226.58
2015-08-27,225.09,226.01,224.84,236.79,227.47
2015-08-28,231.65,232.64,231.23,244.05,233.88
2015-08-29,230.54,230.78,229.93,240.3,228.64
2015-08-30,229,228.95,228.99,239.31,227.8
2015-08-31,229.86,230.92,229.88,241.19,230.79
2015-09-01,227.96,229.49,227.4,238.8,227.45
2015-09-02,229.18,230.04,229.45,239.74,229.58
2015-09-03,227.28,226.94,226.89,238.77,227.05
2015-09-04,230.52,231.01,230.71,242.62,231.31
2015-09-05,235.6,236.32,234.15,246.98,235.84
2015-09-06,240.28,241.99,239.78,252.46,242.05
2015-09-07,240.19,241.07,240.07,252.31,241.3
2015-09-08,244.21,243.27,243.8,256.15,244.12
2015-09-09,238.35,239.01,238.39,250.43,238.85
2015-09-10,238.66,238.16,238.87,251.44,239.55
2015-09-11,240,242.12,239.96,252.25,240.9
2015-09-12,234.79,235.78,235.01,247.57,236.74
2015-09-13,229.66,230,230.38,240.95,230.04
2015-09-14,229.71,230.65,230.4,241.69,232.51
2015-09-15,230.03,230.79,230.13,241.8,230.22
2015-09-16,228.34,229.08,228.96,239.2,228.78
2015-09-17,232.17,233.37,232.71,244.51,233.81
2015-09-18,233.12,232.83,232.83,244.36,234.32
2015-09-19,230,231.61,231.04,242.61,232.09
2015-09-20,230.16,231.44,230.62,242.09,232.13
2015-09-21,226.15,227.17,226.73,236.84,228.25
2015-09-22,230.42,228.6,230.92,241.87,230.35
2015-09-23,229.42,230.24,230.12,241.33,230.53
2015-09-24,233.86,231.78,234.52,245.86,234
2015-09-25,235.22,236,235.39,247.4,235.57
2015-09-26,233.81,233.49,234.28,245.91,235.31
2015-09-27,232.41,230.62,232.74,244.81,233.52
2015-09-28,239.14,238.49,239.56,250.34,239.98
2015-09-29,236.94,238.02,236.8,249.38,237.9
2015-09-30,236.2,236,236.36,248.43,237.08
2015-10-01,237.15,237.8,237.76,248.94,238.45
2015-10-02,237.77,236.43,237.77,250.08,237.72
2015-10-03,238.95,238.8,239.38,251.19,240.11
2015-10-04,238.6,238.97,238.93,250.91,239.56
2015-10-05,240.84,239.48,240.47,251.82,241.32
2015-10-06,246.57,244.53,246.52,258.57,246.6
2015-10-07,243.2,241.22,243.51,255.86,244.34
2015-10-08,242.9,242.7,243.11,254.67,243.52
2015-10-09,244.48,241.75,244.6,256.9,244.83
2015-10-10,245.71,245.64,245.56,257.46,245.92
2015-10-11,248.05,245.11,247.69,258.81,247.84
2015-10-12,245.81,245.61,246.09,256.75,246.31
2015-10-13,249.73,249,250.44,261.36,250.19
2015-10-14,252.47,253.64,252.7,264.34,254.26
2015-10-15,254.49,253.56,254.65,266.19,254.5
2015-10-16,263.09,258,263.01,274.22,261.69
2015-10-17,270.07,270,272.06,281.85,270.84
2015-10-18,261.05,251,262.55,270.85,264.5
2015-10-19,263.66,264.06,264.98,275.19,264.19
2015-10-20,270.64,270,270.8,281.72,269.99
2015-10-21,267.89,266.59,267.98,278.37,268.42
2015-10-22,275.21,274.2,275.1,286.13,275.05
2015-10-23,278.6,276.64,278.58,289.4,277.81
2015-10-24,282.84,283.38,283.01,293.4,280.88
2015-10-25,283.96,282.44,284,295.63,287.8
2015-10-26,286.9,285.25,286.59,299.32,286.84
2015-10-27,295.54,292.51,294.73,309.37,298.26
2015-10-28,305.67,298,304.47,317.16,302.75
2015-10-29,314.82,312.11,314.34,329.95,315.54
2015-10-30,328.65,325,328.91,343.49,324.81
2015-10-31,310.18,306.13,312.77,325.23,312.76
2015-11-01,325.78,320,328.75,341.7,328.5
2015-11-02,361.26,358.17,363.03,380.64,366.7
2015-11-03,404.06,397.77,404.35,418.34,402.15
2015-11-04,408,408.96,408.22,422.69,392.99
2015-11-05,385.5,380,385.94,403.71,390.3
2015-11-06,374.47,362.06,375.06,389.18,375.12
2015-11-07,383.53,383.89,384.66,403.77,388.01
2015-11-08,372.65,371.76,373.62,391.16,374.5
2015-11-09,377.9,367,378.1,394.1,382.68
2015-11-10,336.8,338,337.63,349.44,335.98
2015-11-11,309.91,304.8,310.95,322.54,309.46
2015-11-12,337.17,336,336.48,350.53,333.41
2015-11-13,336.99,336.95,337.36,351.04,341.78
2015-11-14,333,329.74,332.99,347.48,337.98
2015-11-15,319.28,315,319.93,332.51,320.26
2015-11-16,330.83,321.91,331.16,345.23,330.65
2015-11-17,336.08,330,335.52,349.72,338.14
2015-11-18,335.65,326.5,334.49,349.3,336.01
2015-11-19,326.02,326.26,326.28,337.6,327.94
2015-11-20,322.04,317.21,322.17,328.33,322.11
2015-11-21,326.5,322.8,326.17,334.74,325.48
2015-11-22,324.2,322.85,323.82,336.39,323.87
2015-11-23,323.48,322.68,323.24,334.2,323.5
2015-11-24,319.7,323.48,320.34,330.03,320.25
2015-11-25,328.9,329.69,329.32,335,328.58
2015-11-26,353.21,350.55,352.82,357.36,352.91
2015-11-27,357.14,360,357.69,370.62,361.19
2015-11-28,356.95,356.5,357.06,368.88,355.99
2015-11-29,371.48,370.39,371.51,374.51,375.97
2015-11-30,376.71,378.5,376.63,381.69,378.51
2015-12-01,363.06,361.58,363.31,374.22,363.26
2015-12-02,358.89,358.69,358.58,367.98,359.75
2015-12-03,361.42,361.3,361.35,372.64,360.58
2015-12-04,363.62,364.93,363.49,371.3,362.13
2015-12-05,388,387.65,387.31,389.99,392.49
2015-12-06,388.24,387.65,388.49,398.9,397.24
2015-12-07,395.57,395.3,395.11,404.51,396.82
2015-12-09,416.98,416.33,417.54,427.7,417.96
2015-12-10,415.57,416,414.95,426,416.69
2015-12-11,453.04,443.12,452.9,450.6,451.1
2015-12-12,436.19,431,436.02,441.41,434
2015-12-13,433.07,432,431.9,442.76,435
2015-12-14,443.36,442,444.13,448.06,443
2015-12-15,464.53,464.98,465.57,479.4,464.76
2015-12-16,455.87,453.65,456.08,463,453.99
2015-12-18,462.46,464.97,463.4,468.52,463.06
2015-12-19,461.8,458.01,461.66,465.56,460.79
2015-12-20,442.54,441.22,443.05,457.15,442.62
2015-12-21,438.07,441.75,437.9,448.75,435.82
2015-12-22,435.48,437.69,435.15,448.77,435.8
2015-12-23,442.56,444.83,442.18,458,442
2015-12-24,455,452.71,455.71,468.92,455.89
2015-12-25,455.51,457.84,455.55,460.56,456.2
2015-12-26,417.39,417.47,418.11,430.41,415.3
2015-12-27,421.76,427.29,421.87,436.76,423.9
2015-12-28,421.46,424.3,421.08,427.41,420.99
2015-12-29,431.82,430.95,432.4,438.95,428.6
2015-12-30,425.84,424.31,425.56,431.49,425.19
2015-12-31,430.89,431.31,429.94,444.43,430.42
2016-01-01,433.82,431.51,433.65,439.23,433.78
2016-01-02,433.55,434.98,433.83,445.24,433.2
2016-01-03,431.04,426.57,429.98,433.62,427.98
2016-01-04,434.17,431.08,432.93,438.61,434.49
2016-01-05,432.43,431.32,432.31,444.44,431.82
2016-01-06,429.56,429.99,429.17,440.15,430.99
2016-01-07,457,457.88,458.52,462.34,457.25
2016-01-08,452.7,455.22,453.14,456.58,454.9
2016-01-09,448.84,451.38,448.81,463.49,451.2
2016-01-10,448.79,449.13,448.09,456.32,447.34
2016-01-11,448,452.23,448.97,461,448.94
2016-01-12,434.85,440,434.24,460.91,446.38
2016-01-13,432.64,433.98,432.3,441.95,431.53
2016-01-14,429.55,430.58,430.55,443.95,429.76
2016-01-15,360,364.49,360.4,375.05,359.16
2016-01-16,386.91,390.33,386.77,397.11,388.4
2016-01-17,380.16,381.95,381.03,385.5,382
2016-01-18,385.49,390.1,386.06,398.84,387.04
2016-01-19,376.76,381.1,378.86,387.6,378.96
2016-01-20,416.32,419.05,417.36,422.09,419.7
2016-01-21,409.59,412.31,410.26,424.05,411.01
2016-01-22,382.55,383.25,381.59,396.38,381.01
2016-01-23,386.4,385.81,385.99,396.4,385.57
2016-01-24,402.16,400.68,402.16,414.88,402.77
2016-01-25,390.9,394.01,390.79,404.76,390.96
2016-01-26,391.77,395.95,392.24,403.3,393.78
2016-01-27,394.95,394.95,394.57,408.21,394.97
2016-01-28,379.75,379.75,380.02,387.5,378.39
2016-01-29,378.22,378.22,379.11,385.16,377.6
2016-01-30,375.64,375.64,377.11,388.77,376.56
2016-01-31,368.49,368.49,366.98,383.26,365.52
2016-02-01,371.81,371.81,371.04,374.23,371.42
2016-02-02,373.05,373.05,373.16,383.32,372.9
2016-02-03,368.38,368.38,369.18,380.99,368.98
2016-02-04,387.82,387.82,387.69,403.08,389.96
2016-02-05,385,385,384.99,399.29,386.54
2016-02-06,375.39,375.39,374.42,384.75,373.75
2016-02-07,375,375,374.54,386.44,372.01
2016-02-08,370.91,370.91,371.24,375.8,370.49
2016-02-09,373.2,373.2,371.63,375.66,373.97
2016-02-10,379.66,379.66,377.93,391.79,380.9
2016-02-11,377.98,377.98,373.07,388.02,377.99
2016-02-12,383.27,383.27,382.8,391.89,382.94
2016-02-13,390.99,390.99,390,394,392.99
2016-02-14,405,405,405.59,406.75,408.3
2016-02-15,399.28,399.28,398.97,401.49,399.9
2016-02-16,407.51,407.51,407.23,413.03,407.27
2016-02-17,415.54,415.54,414.63,427.68,414.88
2016-02-18,421.18,421.18,420.8,425.14,421.5
2016-02-19,419.54,419.54,419.88,426.77,419.85
2016-02-20,434.63,434.63,434.29,402.7,438.7
2016-02-21,438.5,438.5,437.7,443.07,440.49
2016-02-22,438.27,438.27,437.41,433.95,440.27
2016-02-23,419.1,419.1,419.72,423.4,421.4
2016-02-24,423.78,423.78,422.01,409.83,426.36
2016-02-25,423.51,423.51,421.53,423.43,424.88
2016-02-26,432,432,429.75,434.64,435.49
2016-02-27,431.07,431.07,430.55,440.93,434.21
2016-02-28,431.68,431.68,430.99,435.38,434.45
2016-02-29,435.23,435.23,435.39,449.69,439.16
2016-03-01,432.5,432.5,432.89,448.88,434.99
2016-03-02,423.45,423.45,421.12,434.87,422.09
2016-03-03,420.29,420.29,419.54,428,420.56
2016-03-04,408.01,408.01,407.39,415,408.82
2016-03-05,399.83,393.16,396.55,422.21,397.36
2016-03-06,406.23,400.65,402.66,420.3,403.91
2016-03-07,414.01,410.01,412.41,426.01,412.62
2016-03-08,411.75,412.04,412.2,422.33,411.35
2016-03-09,413,411.93,412,417.02,413.05
2016-03-10,416,415.83,416.23,426.85,416.51
2016-03-11,419.13,420.35,419.69,426.01,420.47
2016-03-12,410.9,406.66,410.94,431.96,410.01
2016-03-13,413.04,408.32,412.1,428.78,412.4
2016-03-14,414.99,414.43,414.81,428.58,414.69
2016-03-15,415.85,415.14,415.61,431.81,416.09
2016-03-16,416.57,418.17,415.74,434.91,417.39
2016-03-17,418.49,419.81,418.5,449,418.52
2016-03-18,407.91,407.9,408.94,427,408.21
2016-03-19,409.04,409.53,409.62,420.01,406.26
2016-03-20,411.28,413.64,411.22,425.01,410.81
2016-03-21,411.67,412.32,411.35,430.48,411.44
2016-03-22,416.64,417.16,416.81,430.47,416.78
2016-03-23,417.62,416,416.92,431.69,419.13
2016-03-24,415.17,415.04,414.5,424.01,415.48
2016-03-25,415.7,415.34,415.43,431.65,416.2
2016-03-26,416.96,417.57,416.62,431.67,416.61
2016-03-27,424.77,425.01,424.73,431.67,425.46
2016-03-28,422.87,423,422.39,429.01,424.77
2016-03-29,415.95,416.7,415.33,429.02,415.91
2016-03-30,413.74,412.43,413.33,430.49,413.76
2016-03-31,414.66,416.1,415.78,426,417.19
2016-04-01,416.31,417.9,417.05,426,416.27
2016-04-02,419,421,419.42,430.98,420.3
2016-04-03,419.11,421.5,418.01,430.28,420.92
2016-04-04,418.75,420.99,419.15,429.98,420.6
2016-04-05,422.71,422.76,422.85,430.28,423.08
2016-04-06,421.03,423.55,421.81,422,423.2
2016-04-07,420,422.01,421.6,420.91,421.01
2016-04-08,417.75,418.55,419.87,419,419.31
2016-04-09,418.24,418.08,419.87,415,417.99
2016-04-10,420.04,420.8,419.87,421.63,421.1
2016-04-11,422.69,423.53,419.87,411.01,423.25
2016-04-12,425.54,426.71,419.87,424.9,426.35
2016-04-13,423.93,423.54,419.87,425.67,424.99
2016-04-14,424.86,424.52,424.64,425.45,425.83
2016-04-15,429.45,429.25,428.74,429.89,430.47
2016-04-16,430.69,428.65,429.28,429.89,431.99
2016-04-17,427.42,427.55,426.36,429.88,428.49
2016-04-18,428.14,427.42,428.42,427.98,429.54
2016-04-19,435.63,436.28,436.08,424.76,436
2016-04-20,442.13,440.97,440.84,429.89,443.29
2016-04-21,451,450.12,450.9,439.95,450.99
2016-04-22,447.7,447.56,448.03,437.5,447.44
2016-04-23,451.92,450.71,450,450,453.21
2016-04-24,460.02,459.5,457,453.94,462.63
2016-04-25,462.33,461.88,463.03,449.99,466.87
2016-04-26,467.42,467.49,467.94,448.09,467.82
2016-04-27,445.38,444.01,445.04,448.09,447.99
2016-04-28,449.14,450.42,448.47,453.96,449.12
2016-04-29,456.53,457.59,456.24,453.96,454.19
2016-04-30,448.37,448.91,449.87,448.12,447.63
2016-05-01,453,452.07,452.4,448.02,451.1
2016-05-02,444.06,444.54,444.79,448,444.27
2016-05-03,450.61,451.75,451,454,451.48
2016-05-04,446.63,447.84,447.35,452.5,447
2016-05-05,448.5,448.71,448.53,452,448.59
2016-05-06,458.48,462.34,460.9,457.5,462.47
2016-05-07,458.07,459.47,458.8,458.9,460.15
2016-05-08,458.21,459.1,459.27,458.9,459.79
2016-05-09,460.82,461.99,460.81,448.11,461.64
2016-05-10,451.62,452.13,451.15,457.6,450.56
2016-05-11,452.91,453.21,451.49,458.1,451.62
2016-05-12,455.2,455.95,454.5,454.5,454.02
2016-05-13,455.91,456.28,454.4,458.5,456.25
2016-05-14,455.57,454.58,454.76,454.76,455.64
2016-05-15,457.56,457.65,456.17,456.17,458.89
2016-05-16,454,453.77,452.81,458.15,454.18
2016-05-17,453.08,453.28,452.85,453.97,452.8
2016-05-18,452.92,452.35,453.1,457.19,454.91
2016-05-19,436.3,429,436.89,444.08,442.44
2016-05-20,442.72,435.26,443,440.66,440.69
2016-05-21,443.31,438.55,442.91,441.59,441.46
2016-05-22,438.8,437.45,438.36,436.36,437.83
2016-05-23,442.99,442.99,443.5,443.97,442.14
2016-05-24,443.97,444.52,445.02,446.72,445.82
2016-05-25,448.7,448.3,448.92,446.88,448.79
2016-05-26,452.07,452.41,453.47,452.54,453.63
2016-05-27,472.05,471.47,473.33,470.85,473.6
2016-05-28,519.41,522,520.76,520,534.99
2016-05-29,517.84,518.98,519.28,510.7,520.83
2016-05-30,527.64,529,531.59,529.28,535.02
2016-05-31,531.84,531.19,531.56,534.76,532.31
2016-06-01,536.95,535.57,536,538.94,540.25
2016-06-02,538,537.12,538.38,539.99,542.72
2016-06-03,569.94,569,569.71,571.84,569.01
2016-06-04,573.8,572.45,573.65,568.86,571.21
2016-06-05,573.91,574.07,574.47,572.8,576.36
2016-06-06,584.5,585,584.21,586.74,584.3
2016-06-07,577.54,578.2,577.31,580.15,575.47
2016-06-08,583.03,581.98,576.21,581.56,584.03
2016-06-09,575.01,575.01,577.16,572.68,576.88
2016-06-10,578.01,579.77,578,578.54,577.9
2016-06-11,610,609.42,613.61,599.99,593.31
2016-06-12,672.13,667.06,670.6,671.91,681.51
2016-06-13,704.49,703.37,706.35,706.62,700.09
2016-06-14,685.25,685.75,685.73,681.37,683.97
2016-06-15,695,696,696,691.42,694.32
2016-06-16,766.62,763.01,767.18,768.59,775.82
2016-06-17,745.22,749.67,749.4,743.55,742.13
2016-06-18,754.83,758.11,753.68,755.72,756.98
2016-06-19,761.44,765.49,759.99,757.02,765.91
2016-06-21,667.54,667.73,665.74,669.97,658.31
2016-06-22,601.3,601.94,606.25,599.03,605
2016-06-23,624.91,627.38,622.83,594.77,631.62
2016-06-24,661.71,672.2,665.94,664.6,660.86
2016-06-25,659.86,673.89,664.75,663.53,671.1
2016-06-26,630.16,630,630.64,629.04,631.81
2016-06-27,657.5,663.5,658.1,660.99,647
2016-06-28,646.08,649.32,646.26,642.04,649.01
2016-06-29,634.11,643.12,640.1,632.59,638
2016-06-30,667.95,671.52,671.98,670.67,671.79
2016-07-01,674.86,674,677.48,672.1,678.44
2016-07-02,702.48,702.31,701.4,699.3,701.41
2016-07-03,658.27,655.84,659.71,654.21,663.49
2016-07-04,680.35,675,682.12,678.39,676.8
2016-07-05,668.94,669.21,668.21,671.19,667.09
2016-07-06,674.7,677.1,676.21,677.28,676.48
2016-07-07,638.19,640.4,639.5,640.87,636.3
2016-07-08,663,671.44,664.6,666.44,659.96
2016-07-09,647.78,652,651.08,651.07,650.5
2016-07-10,648.76,650.07,650.1,652.74,648.99
2016-07-11,649.32,650.78,650.9,645.88,647.82
2016-07-12,663.52,666,663.85,667.9,676.92
2016-07-13,655.06,655.11,654.49,657.83,663.02
2016-07-14,659.1,662.99,660.1,662.75,660.54
2016-07-15,664.6,665.15,663.74,667.53,663.87
2016-07-16,662.45,665,663,658.84,663.39
2016-07-17,679.54,681.86,675,681.04,680.62
2016-07-18,672.1,674.79,673.36,675.71,675.62
2016-07-19,673.48,673.09,674.72,676.26,675.97
2016-07-20,667.03,666.16,667.19,670.56,666.3
2016-07-21,663.99,665.88,665.66,665.98,664.77
2016-07-22,649.95,651.15,651.34,657.49,645.7
2016-07-23,655.52,657.72,656,655.49,654.51
2016-07-24,661.47,663.37,661.81,663.69,661.32
2016-07-25,654.96,651.74,654.84,655.09,654.52
2016-07-26,651.24,650,653.94,646.2,655.03
2016-07-27,653.48,656.98,655.45,656.91,656.01
2016-07-28,653.07,656.08,655.6,657.35,655.89
2016-07-29,654.61,656.86,656.82,654.01,658.99
2016-07-30,654.67,655.72,654.69,656.99,654.61
2016-07-31,623.83,622.57,635,626.21,631.06
2016-08-01,606.35,602.55,606.36,607.52,610.37
2016-08-08,591.88,591.83,593.34,593.08,604.1
2016-08-09,582.75,586.22,584.75,586.83,604.1
2016-08-10,590.27,591,593.64,590.78,591.25
2016-08-11,585.22,588.01,587.47,585.01,591.75
2016-08-12,585.91,588.32,586.91,583.83,584.1
2016-08-13,583.52,584.82,586.5,585.93,583.26
2016-08-14,568.76,570.56,572.79,570.28,568.19
2016-08-15,565.55,566.52,568.1,568.59,565.82
2016-08-16,574.99,579.61,577.18,572.64,577
2016-08-17,570.91,573.28,573.87,572.44,571.63
2016-08-18,571.49,575.56,574.12,568.04,572.32
2016-08-19,572.91,572.9,574.26,573.77,574.35
2016-08-20,577.88,582.15,581.3,581.87,581.74
2016-08-21,577.55,581.53,580.64,581.22,581.14
2016-08-22,582.78,584.99,585.12,585.11,588.24
2016-08-23,580.23,583.38,581.78,584.28,583.9
2016-08-24,577.58,582.11,578.9,580.49,581.18
2016-08-25,575.71,576.94,576.17,573.89,577.83
2016-08-26,578.78,579.36,578.27,579.89,578.02
2016-08-27,568.31,570.22,569.33,569.38,568.52
2016-08-28,573.2,576.04,573.5,575.28,573.83
2016-08-29,571.5,575.49,572.76,573.75,574.25
2016-08-30,575.91,578.96,576.34,575.01,579.25
2016-08-31,570.75,574.22,572.92,572.41,574.47
2016-09-01,571.05,572,572.24,573.59,572.57
2016-09-02,572,577.1,573.42,569.79,575.48
2016-09-03,595.01,601,595.58,592.77,607.06
2016-09-04,603.72,609.74,606.64,608.52,613.76
2016-09-05,603.48,609.87,606.27,604.99,614.12
2016-09-06,608.16,612,612.59,606.51,613.98
2016-09-07,615.16,617.34,615.63,612,619.35
2016-09-08,625.67,631.12,624.23,624.06,630.1
2016-09-09,622.01,626.1,622.33,619.52,625.51
2016-09-10,621.65,624.89,622.45,624.45,628.92
2016-09-11,606.32,608.26,606.42,604.01,609.78
2016-09-12,608.04,611.11,607.15,609.83,611.1
2016-09-13,607.46,615.29,607.57,610.88,613.98
2016-09-14,608.5,613.97,609.51,610.52,613.89
2016-09-15,606.71,609.96,606.15,607.52,612.5
2016-09-16,605.69,607.98,606.8,608.57,610.18
2016-09-17,604.1,606.8,605.77,604.87,608.26
2016-09-18,608,611.99,608.73,607.38,613.82
2016-09-19,608.72,609.2,608.8,606.85,609.48
2016-09-20,600.94,603.8,602.63,605.41,609.25
2016-09-21,595.46,599.65,595.87,596.01,599
2016-09-22,595.41,595.05,594.8,597.51,596.44
2016-09-23,601.42,604.17,601.65,599.81,603.99
2016-09-24,599.33,604,601.51,602.81,603.66
2016-09-25,598.98,600,600.08,599.56,600.31
2016-09-26,606.47,608.98,607.28,608.19,609.09
2016-09-27,604.26,606.51,604.61,606.11,603.98
2016-09-28,603.95,605,604.3,607.58,604.47
2016-09-29,605.6,607.37,605.68,606.06,605.74
2016-09-30,608.23,612.5,609.28,610.98,611.09
2016-10-01,612.98,614.39,614.34,610.98,614.09
2016-10-02,608.6,611.84,611.07,605.99,609.93
2016-10-03,611.16,613.6,613.25,607.54,612.76
2016-10-04,607.19,612,610.19,607.52,610.79
2016-10-05,608.49,614.96,612.14,610.99,614.46
2016-10-06,610.25,615,612,606.09,614.04
2016-10-07,614.88,618.53,617.95,614.77,620.27
2016-10-08,614.34,620.79,618.25,611.11,620.69
2016-10-09,613.06,616.51,615.55,611.14,615.42
2016-10-10,616,618.76,617.75,616.47,618.82
2016-10-11,639,643.36,640.36,635.42,641.55
2016-10-12,634.5,635.28,637.01,631.07,638.33
2016-10-13,634.02,634.24,635.58,631.56,637.76
2016-10-14,638.2,640.61,639.7,635.37,641.41
2016-10-15,635.96,640.75,639.47,635.37,638.94
2016-10-16,638.97,643.28,640.93,635.37,644.12
2016-10-17,636.91,640.98,636.75,637.11,639.07
2016-10-18,635.95,636.97,636.1,634.99,638.99
2016-10-19,627.98,631.5,629.5,628.1,631.55
2016-10-20,628.89,630.05,630.8,625.44,632.73
2016-10-21,629,634.43,631.58,629.12,635.25
2016-10-22,654.52,661.22,649.99,650.39,663.44
2016-10-23,648.74,657.68,646.44,648.24,658.91
2016-10-24,648.6,652.63,647.79,649.19,654.99
2016-10-25,651.97,655.89,653.54,649.01,667.42
2016-10-26,675.11,677.32,672.99,672.06,674.92
2016-10-27,684.71,686.79,685.54,685.77,685.79
2016-10-28,685.91,690,689.67,685.97,690.6
2016-10-29,711.13,713.99,715.65,713.63,719.81
2016-10-30,697.23,700.92,695,697.87,702.3
2016-10-31,697.01,698.92,697.96,697.78,701.98
2016-11-01,726.6,733.74,730.09,726.55,733
2016-11-02,742,747.07,743,734.33,737.49
2016-11-03,685.22,692.18,688.84,685.26,680.19
2016-11-04,702.7,706.04,703.99,698.41,708.81
2016-11-05,703.46,706.48,706.08,707.73,708.11
2016-11-06,709.93,715.5,713.97,710.17,715.06
2016-11-08,709.31,712.5,710.47,709.55,704.47
2016-11-09,721.5,722.4,721.85,721.66,711.99
2016-11-10,714.47,714,713.92,714.64,723.42
2016-11-11,716.39,717.75,716,712.38,714.87
2016-11-12,702.28,704,704.37,701.28,716.61
2016-11-13,700.38,701.67,704.37,698.01,703.57
2016-11-14,703.82,706.99,706.84,700.18,703.61
2016-11-15,711.06,711.31,712.39,711.78,707.43
2016-11-16,739.71,741.6,743.4,735.25,712
2016-11-17,735.24,739.1,735.34,737.25,743.47
2016-11-18,748.98,752.23,750.12,749.14,740.67
2016-11-19,750.75,751.99,751.18,750.88,753.97
2016-11-20,727.09,729.68,729.06,749.89,752.9
2016-11-21,736.76,738,738,733.77,729.67
2016-11-22,749.22,749.76,747.87,744.77,738.99
2016-11-23,740.18,741.98,742.63,740.33,749.85
2016-11-24,735.63,738.44,738.5,731.75,741.99
2016-11-25,737.07,742.14,740.33,734.37,737.61
2016-11-26,729.91,733.17,734.85,727.01,740.36
2016-11-27,727.32,729.93,728.93,725.01,731.19
2016-11-28,729.54,734.17,733.12,725.94,724.99
2016-11-29,730.76,732,732.05,731.51,731.52
2016-11-30,742.06,742.4,742,742.21,731.05
2016-12-01,751.54,752.49,753.84,746.6,739
2016-12-02,769.99,773.5,771.28,765.93,755.36
2016-12-03,760.75,764.75,765.44,763.1,774.65
2016-12-04,762,769,767,762.15,767.37
2016-12-05,750.24,752.08,751.03,745.79,768.5
2016-12-06,758.98,758.38,759.46,755.92,750.85
2016-12-07,763.99,765.01,764.55,759.37,757.27
2016-12-08,766.84,768.29,766.68,763.33,765.01
2016-12-09,769.57,771.67,770.06,769.66,765.01
2016-12-10,772.28,775,771.91,770.96,770.5
2016-12-11,768.97,771.68,767.19,768.34,772.9
2016-12-12,776.9,778.07,777.06,778.08,770.21
2016-12-13,775.35,778.72,775,777.23,777.99
2016-12-14,777.09,777.56,775.92,777.06,775
2016-12-15,775.89,778.11,775.05,775.75,774.49
2016-12-16,781.32,785.41,781.2,781.31,777.43
2016-12-17,788.52,792.97,788.83,787.62,784.17
2016-12-18,788.67,794.21,787.92,788.36,790.99
2016-12-19,791,792.54,789.22,790.64,790.18
2016-12-20,798.65,801.25,798.09,801.01,790.59
2016-12-21,832.75,830,830.66,834.32,799.35
2016-12-22,859.96,860,859,860.27,829.33
2016-12-23,914,918.19,914.34,915.48,859
2016-12-24,892.61,895.47,892.44,895.12,918.99
2016-12-25,890.67,896.8,898.02,888.95,895.24
2016-12-26,897.1,901.5,906.16,895,898.42
2016-12-27,930.34,933,932,928.01,908.78
2016-12-28,976.47,978,979.23,960.02,936.43
2016-12-29,969.58,974.32,971.99,945,981.7
2016-12-30,959.54,960.77,963.36,937.31,972
2016-12-31,966.3,967.45,968.62,949.59,959.16
2017-01-01,997.75,996.12,997.57,995,966.61
2017-01-02,1012.54,1017.79,1019.24,1008.25,999.24
2017-01-03,1035.24,1038.25,1031.67,1021.72,1019.5
2017-01-04,1114.92,1133.22,1135.17,1118.11,1038
2017-01-05,1004.74,1005.99,1002.86,999.99,1139.6
2017-01-06,893.89,895.72,895.51,935,1003.4
2017-01-07,906.2,908,901.99,899.09,898.5
2017-01-08,909.75,916.94,915.64,901.89,908.1
2017-01-09,896.23,905.01,899.64,889.62,915.9
2017-01-10,905.05,909.52,905.6,899.78,903.01
2017-01-11,778.62,789.88,779.39,812.35,905.75
2017-01-12,807.47,807.79,806.89,816.11,779.56
2017-01-13,825.86,832.9,829,821.35,804.99
2017-01-14,818.27,818.65,821.97,830.46,827.22
2017-01-15,821.86,827.14,824.95,812.23,815.85
2017-01-16,831.81,832.81,834.15,855.75,820.74
2017-01-17,905.99,906.39,905.82,928.92,830.1
2017-01-18,887.7,892.31,888,870.5,903.99
2017-01-19,901.01,900.11,901.26,897.3,888.14
2017-01-20,895.8,898.62,894.27,905.14,901.56
2017-01-21,921.98,925.3,923.64,920.6,896.14
2017-01-22,923.76,925.01,920.18,913.23,924.02
2017-01-23,913.52,917.97,913.69,920.55,923.72
2017-01-24,885.47,887.99,886.16,891.32,905.99
2017-01-25,893.43,896.89,893.8,894.08,886.45
2017-01-26,914.83,914.93,915,909.12,893.35
2017-01-27,918.02,922.3,919.58,916.55,915.37
2017-01-28,918.6,918.36,920.02,912.83,916.7
2017-01-29,912.01,915.7,915.19,913.53,919.43
2017-01-30,919.99,920.58,921.26,919,912.55
2017-01-31,963.99,969.74,970.43,958.69,917.36
2017-02-01,983.67,988.79,987.52,977.96,966.2
2017-02-02,1009.17,1010,1006.97,1005.29,983.52
2017-02-03,1016.99,1015.21,1017.7,1005.7,1007
2017-02-04,1033.18,1029.39,1032.05,1022.15,1016.9
2017-02-05,1011.07,1017.89,1012.67,1011.87,1031.1
2017-02-06,1023.99,1027.01,1024.27,1034.31,1006.6
2017-02-07,1052.48,1051,1052.19,1047.63,1022.6
2017-02-08,1050.4,1055.84,1053.9,1044.82,1052.1
2017-02-09,986,988.38,990.83,983.66,1048.9
2017-02-10,996.08,1002.73,997.76,994.71,984.99
2017-02-11,1012.4,1011,1011.27,1014.72,992.99
2017-02-12,1000.73,1001.02,1001.92,997.84,1000
2017-02-13,1000.79,996.39,1000.36,993.71,996
2017-02-14,1008.88,1016.47,1012.42,1006.5,996.52
2017-02-15,1011.53,1015.75,1012.91,1004.47,1013.3
2017-02-16,1032.7,1039.87,1034.42,1035.03,1014
2017-02-17,1055.46,1052.07,1057.09,1056.68,1038.5
2017-02-18,1056.4,1058.91,1061.07,1051.47,1056.9
2017-02-19,1051.8,1055.61,1054.26,1045.85,1059.8
2017-02-20,1084,1088.68,1087,1075.04,1056.2
2017-02-21,1124.62,1128.46,1125.66,1120,1090.9
2017-02-22,1130.01,1125.67,1126.7,1134.54,1129.6
2017-02-23,1188.11,1182,1178.22,1189.99,1126.6
2017-02-24,1180.14,1185,1184.47,1176.67,1190.7
2017-02-25,1152.2,1146.83,1152.2,1150.42,1185.2
2017-02-26,1179.05,1167,1181.34,1184.07,1153
2017-02-27,1194.64,1190.21,1195.17,1181.14,1178.7
2017-02-28,1191.21,1180,1191.19,1196.22,1195.9
2017-03-01,1226.39,1225,1226.16,1224.99,1189.1
2017-03-02,1257.6,1254,1257.3,1259.32,1234.8
2017-03-03,1285.33,1277,1291.39,1279.9,1257.4
2017-03-04,1260,1261.27,1269.41,1256.22,1289.7
2017-03-05,1273,1267.98,1283,1258.23,1267
2017-03-06,1278.49,1275,1282,1267.87,1278.4
2017-03-07,1233.05,1224.92,1231.56,1239.71,1279.2
2017-03-08,1150.05,1143.39,1151.14,1142.83,1232.3
2017-03-09,1190.89,1187.19,1192.87,1190,1150
2017-03-10,1116.97,1111,1115.21,1122.99,1190.3
2017-03-11,1176.55,1174.97,1182.5,1164.68,1113.4
2017-03-12,1226.62,1224.37,1231.06,1229.86,1172.1
2017-03-13,1242.46,1230,1246.16,1230.23,1224.4
2017-03-20,1035.96,1030,1040.21,1035.8,1042.8
2017-03-21,1114.39,1110.37,1113.21,1113.59,1116.4
2017-03-22,1037.56,1032.01,1037.09,1024.2,1029.4
2017-03-23,1029.65,1024.03,1029,1028.79,1025.6
2017-03-24,929.06,921.3,934.51,921.97,937.59
2017-03-25,956.02,951.08,963.01,959.75,960.07
2017-03-26,960,961.88,933.94,964.41,956.4
2017-03-27,1039.92,1039.85,1040.13,1016,1035.8
2017-03-28,1043.99,1043.28,1044.48,978,1042.5
2017-03-29,1035.96,1043.43,1039.61,858.02,1037.5
2017-03-30,1033.7,1040,1038.3,750,1032.9
2017-03-31,1070.31,1079.78,1079.22,977.84,1081
2017-04-01,1083.94,1091.73,1089.49,969.99,1084.1
2017-04-02,1078.01,1107.46,1102.25,997,1109.4
2017-04-03,1144.77,1148.43,1147.05,1099.83,1155
2017-04-04,1143,1142,1142.51,1101.01,1135.9
2017-04-05,1134.58,1138.16,1134.05,1087.56,1126.6
2017-04-06,1190.85,1191.56,1190.76,1169.54,1198.9
2017-04-07,1190.66,1191.88,1192.14,1175,1191.2
2017-04-08,1184.03,1182.47,1183.63,1174.99,1185
2017-04-09,1206.2,1211,1208.15,1180,1218
2017-04-10,1209.25,1211.23,1213.37,1174,1218.4
2017-04-11,1218.99,1223.5,1224.5,1198.99,1238.4
2017-04-12,1212.17,1219.15,1215.83,1228,1225.8
2017-04-13,1172.91,1174.13,1178.28,1228.88,1189
2017-04-14,1170.34,1187.99,1176,1174.04,1207.8
2017-04-15,1173.45,1175.01,1178.8,1184.01,1197.9
2017-04-16,1162.31,1181,1179,1199.99,1215.1
2017-04-17,1176.54,1197.5,1194.98,1225,1238.4
2017-04-18,1202.58,1202.38,1201.27,1249.98,1267.2
2017-04-19,1203.98,1204.2,1209.4,1262.66,1268
2017-04-20,1234.19,1241.88,1233.65,1215.32,1301.9
2017-04-21,1243.61,1249,1246,1295,1322.3
2017-04-22,1233.2,1235.49,1239.63,1319,1343
2017-04-23,1241.99,1242.48,1244.98,1315.11,1345.3
2017-04-24,1253.58,1251.02,1253.94,1316.11,1344.6
2017-04-25,1269,1276.07,1277.77,1349,1370
2017-04-26,1287.99,1290.52,1292.54,1396.78,1404
2017-04-27,1331.53,1333.7,1337.96,1440,1445.6
2017-04-28,1330.7,1328.64,1343.8,1401.97,1398.9
2017-04-29,1333,1335.93,1349.97,1423.77,1424.2
2017-04-30,1350.21,1350.72,1362.4,1439.2,1441.7
2017-05-01,1390.86,1397.23,1418.51,1518.55,1527.6
2017-05-02,1447.75,1455.2,1460.07,1539.65,1549.7
2017-05-03,1503.22,1513.6,1513.71,1608.24,1613
2017-05-04,1537.23,1535.42,1550.14,1604.77,1586.3
2017-05-05,1514.9,1518.03,1551.9,1540,1571.7
2017-05-06,1558.02,1535.42,1578.47,1596.21,1593.7
2017-05-07,1554.01,1505.16,1589.57,1617.51,1623.6
2017-05-08,1649.54,1670.06,1644.8,1707.62,1699
2017-05-09,1720.28,1721.75,1718.21,1766.36,1769
2017-05-10,1772.58,1782,1785.09,1792.25,1780
2017-05-11,1828.45,1836.06,1831.46,1858.49,1858.2
2017-05-12,1691.51,1698.19,1695.79,1732.6,1770
2017-05-13,1776.89,1783.57,1782.13,1827.11,1814
2017-05-14,1784,1788.04,1794,1829,1815.7
2017-05-15,1705.48,1739.75,1733.42,1761.45,1781.8
2017-05-16,1700.01,1786.85,1777,1787.38,1781.7
2017-05-17,1782.99,1836.06,1802.93,1863.51,1874.9
2017-05-18,1878.99,1900,1886.7,1924.63,1946.1
2017-05-19,1958,1961.79,1964.22,1833.89,1970
2017-05-20,2013.99,2039.11,2000,1999.99,2068
2017-05-21,2017.55,2011.11,1999.64,1980.07,2037.9
2017-05-22,2099.97,2085.99,2104.92,2080.85,1981.9
2017-05-23,2264.23,2231.97,2257.09,2226.26,2228
2017-05-24,2420.29,2408.24,2398.9,2397.29,2379.6
2017-05-25,2292.53,2259.2,2334.66,2213.26,2377
2017-05-26,2279.82,2203.71,2263.65,2285.29,2113.2
2017-05-27,2042,2008,2086.56,1917.45,1949.9
2017-05-28,2178.81,2137.21,2227.56,2081.89,2033
2017-05-29,2292.1,2245.27,2305,2190.99,2193.4
2017-05-30,2203.51,2159.1,2203.58,2128.83,2106
2017-05-31,2298.01,2291.3,2305.16,2199.1,2195.6
2017-06-01,2413.63,2399,2414.11,2312.32,2287.8
2017-06-02,2488.94,2487.18,2474.16,2399.11,2390
2017-06-03,2540.94,2549.72,2546.44,2467.98,2477.2
2017-06-04,2530.27,2520.55,2534.13,2472.11,2476.2
2017-06-05,2698,2690,2690,2619.23,2618.91044
2017-06-06,2880.74,2867,2869.49,2839.19,2828.7
2017-06-07,2683.03,2690,2702.95,2655.59,2674.8
2017-06-08,2806,2811.63,2810.87,2778.06,2775.6
2017-06-09,2822.32,2816.47,2806.1,2798.17,2808.6
2017-06-10,2899.99,2816.27,2900,2815.68,2814.3
2017-06-11,2954.22,2924.88,2957.03,2917.72,2936.6
2017-06-12,2667.06,2609.44,2949.38,2572.61,2543.8
2017-06-13,2703.02,2710,2710,2673.94,2681
2017-06-14,2450,2452.69,2452.69,2391.06,2374.2
2017-06-15,2424.91,2428.71,2428.71,2367.55,2385.2
2017-06-16,2484.68,2470.3,2470.3,2437.7,2423.7
2017-06-17,2630,2642.24,2642.24,2618.07,2630
2017-06-18,2516.98,2497.76,2497.76,2495.6,2479.1
2017-06-19,2598,2584.86,2584.86,2601,2568
2017-06-20,2740,2705.1,2705.1,2670.95,2747.3
2017-06-21,2657.04,2644.97,2644.97,2616.64,2601.1
2017-06-22,2713.48,2684.99,2684.99,2669.1,2675
2017-06-23,2685.05,2668,2668,2681.7,2692.1
2017-06-24,2557.66,2547.43,2547.43,2498.96,2485.2
2017-06-25,2502.03,2490.13,2490.13,2469.33,2462.2
2017-06-26,2421.22,2405,2405,2398.21,2397.5
2017-06-27,2565,2538.01,2538.01,2513,2495.6
2017-06-28,2559.9,2554.02,2554.02,2517.8,2511.7
2017-06-29,2541.59,2526.07,2526.07,2479.41,2490.3
2017-06-30,2465.49,2445,2445,2418.2,2426
2017-07-01,2412.41,2392.95,2392.95,2343.6,2330
2017-07-02,2504.37,2505.57,2505.57,2438.96,2437.2
2017-07-03,2550.47,2546.73,2546.73,2531.17,2550.5
2017-07-04,2596.12,2599.07,2599.07,2591.14,2560.9
2017-07-05,2602.9,2611.39,2611.39,2598.22,2601.2
2017-07-06,2600.39,2605.64,2605.64,2590.85,2597.5
2017-07-07,2501.46,2506.93,2506.93,2479.19,2453.8
2017-07-08,2550.07,2547.85,2547.85,2545.92,2541.4
2017-07-09,2502.28,2499,2499,2472.54,2496.9
2017-07-10,2323.45,2339.23,2339.23,2322.15,2311.4
2017-07-11,2305.98,2302.2,2302.2,2298.18,2315.6
2017-07-12,2388,2373.85,2385.9,2379.82,2364.1
2017-07-13,2339.99,2336.4,2340.49,2328.38,2335.7
2017-07-14,2213.37,2216.18,2219.21,2206.72,2203
2017-07-15,1970.51,1972.07,1965,1976.27,2034.9
2017-07-16,1917.63,1907.24,1899.81,1929.28,1950
2017-07-17,2226,2217,2233.46,2216.41,2194.9
2017-07-18,2303.71,2310.8,2295.92,2300.81,2295.2
2017-07-19,2265.21,2255,2260.45,2249.05,2253.3
2017-07-20,2875.03,2854.88,2845,2844.05,2844.9
2017-07-21,2670,2670,2670,2658.37,2698
2017-07-22,2832.71,2831.13,2814.99,2839.42,2836
2017-07-23,2749.02,2761.2,2757.62,2742,2727.8
2017-07-24,2759.98,2755.9,2760.65,2775.97,2772.5
2017-07-25,2564.82,2556,2559.78,2560.85,2542.1
2017-07-26,2524.99,2525,2525.1,2520.17,2511
2017-07-27,2666.33,2675.39,2663.17,2662.04,2679.5
2017-07-28,2777.01,2800,2782.58,2786.58,2787.5
2017-07-29,2680.56,2716,2702.9,2719.04,2699
2017-07-30,2742.37,2799,2728.29,2742.34,2730
2017-07-31,2855.81,2876.13,2840,2857.04,2848
2017-08-01,2731,2727.03,2739.09,2722.1,2706
2017-08-02,2703.51,2700.8,2703.66,2692,2689.2
2017-08-03,2793.37,2797.03,2788.88,2784.15,2804.9
2017-08-04,2855,2875.97,2858.03,2868.9,2854
2017-08-05,3263.62,3256.31,3260.74,3249.27,3234.7
2017-08-06,3222.75,3235.03,3229.26,3228,3250.2
2017-08-07,3387.55,3395,3384.87,3398.85,3388
2017-08-08,3412.41,3430.52,3420.54,3411.94,3450.7
2017-08-09,3342.99,3371.88,3342.15,3338.66,3292.3
2017-08-10,3413.03,3433.99,3417.89,3406.45,3425.6
2017-08-11,3645.06,3670,3639.58,3640.04,3663.2
2017-08-12,3855.1,3884.63,3870.05,3864.95,3834.6
2017-08-13,4053.87,4084,4053.9,4061.42,4109
2017-08-14,4306.23,4355.66,4321.51,4310.01,4247.9
2017-08-15,4155.67,4172.2,4156.91,4157.39,4182.1
2017-08-16,4378.84,4388,4384.11,4376.99,4324.7
2017-08-17,4276.5,4291,4275.7,4257.11,4315.2
2017-08-18,4100,4141,4106.93,4089.18,4101.5
2017-08-19,4099.55,4179.73,4148.19,4150.03,4154.5
2017-08-20,4058.68,4078.24,4061.3,4051.78,4139.9
2017-08-21,3987.52,4005.7,3990.9,3992.05,4007.7
2017-08-22,4085,4104.9,4021.9,4071.5,4038
2017-08-23,4108.12,4151,4148.16,4134.36,4143.2
2017-08-24,4300.34,4334.68,4312.44,4320.17,4331.2
2017-08-25,4355.98,4390.99,4356.32,4352.18,4363.8
2017-08-26,4333.38,4351.75,4340.94,4335.62,4337.6
2017-08-27,4337.68,4338.46,4315.74,4329.95,4338
2017-08-28,4379.99,4387.83,4385,4380.23,4369.9
2017-08-29,4578.82,4590.17,4589.06,4592.2,4602.7
2017-08-30,4573.2,4579.75,4577.26,4569.29,4571.5
2017-08-31,4734.26,4737.27,4732.24,4713.45,4725.7
2017-09-01,4921.7,4919.9,4927.29,4893.76,4863.8
2017-09-02,4599.9,4630.4,4606.29,4525.28,4435.8
2017-09-03,4606.26,4645,4609.31,4588.74,4563
2017-09-04,4277,4344.11,4260,4185.2,4250.1
2017-09-05,4396.52,4464.03,4429.58,4370.52,4448
2017-09-06,4605.8,4641.6,4609.61,4582.64,4614.4
2017-09-07,4615,4660,4620.28,4613.19,4622
2017-09-08,4312,4385,4335.1,4303.45,4314.7
2017-09-09,4308.72,4342.3,4309.83,4326.91,4338.5
2017-09-10,4226.22,4287.1,4239.76,4223.82,4262.7
2017-09-11,4207.31,4226.2,4201.99,4197.28,4208.5
2017-09-12,4172.56,4173.6,4160.94,4158.62,4169.5
2017-09-13,3865.34,3882.2,3854.98,3862.54,3935.1
2017-09-14,3227.79,3254.2,3239.1,3232.98,3296.6
2017-09-15,3700.01,3739.6,3715.02,3691.48,3741.4
2017-09-16,3678.93,3716.4,3688.97,3675.75,3710.6
2017-09-17,3662.99,3719,3694.48,3669.9,3701
2017-09-18,4101.6,4091.5,4097.47,4082.96,4049
2017-09-19,3888.8,3911,3899.19,3901.04,3917.7
2017-09-20,3874.46,3863.1,3868.89,3869.61,3949
2017-09-21,3617.05,3623.9,3616.28,3595.26,3620.1
2017-09-22,3612.18,3606.8,3611.06,3598.47,3604.1
2017-09-23,3779.17,3789,3786.1,3783.75,3751.8
2017-09-24,3664.22,3672.7,3666.9,3660.86,3681
2017-09-25,3918,3924,3917.89,3930.77,3924.5
2017-09-26,3888.03,3885.9,3879.13,3879.06,3886
2017-09-27,4199.29,4213.8,4195.99,4203,4196.1
2017-09-28,4184.84,4190,4189.25,4188.23,4180.1
2017-09-29,4164.82,4157.1,4158.21,4163.28,4162.6
2017-09-30,4326.09,4344,4328.05,4371.55,4364.5
2017-10-01,4377.22,4383.7,4386.66,4403.36,4407
2017-10-02,4391.48,4401.7,4388.18,4396.83,4374.1
2017-10-03,4315.83,4309,4310.81,4310.11,4310
2017-10-04,4219.53,4223.6,4216.12,4217.13,4222.1
2017-10-05,4301.09,4324.2,4312,4314.64,4359.7
2017-10-06,4362.95,4363.1,4364.22,4367.38,4352
2017-10-07,4423.3,4432,4425.01,4434.06,4465.9
2017-10-08,4597.98,4592,4589.94,4615.58,4627.1
2017-10-09,4764.7,4772.1,4744.46,4781.95,4752.2
2017-10-10,4749.29,4748.5,4749.19,4770.63,4790.9
2017-10-11,4822.01,4822.6,4815,4819.44,4815
2017-10-12,5445,5429.7,5438.31,5442.08,5312.6
2017-10-13,5653.6,5640,5646.37,5633.54,5644.1
2017-10-14,5801.29,5800,5788.14,5836.75,5749.9
2017-10-15,5679.7,5680,5705,5711.51,5718.2
2017-10-16,5745.72,5738.8,5745.64,5757.72,5715
2017-10-17,5597.31,5606.5,5597,5601.27,5555
2017-10-18,5582.05,5579.4,5572.36,5569.79,5582.9
2017-10-19,5698.69,5695.3,5721.64,5695.38,5709.3
2017-10-20,5991,5977.8,5976.39,5989.16,6004.9
